<?xml version="1.0" encoding="UTF-8"?>
<beans xmlns="http://www.springframework.org/schema/beans"
       xmlns:xsi="http://www.w3.org/2001/XMLSchema-instance"
       xmlns:context="http://www.springframework.org/schema/context"
       xsi:schemaLocation="http://www.springframework.org/schema/beans
       http://www.springframework.org/schema/beans/spring-beans-2.5.xsd
       http://www.springframework.org/schema/context
       http://www.springframework.org/schema/context/spring-context-2.5.xsd">

    <!--   Configure a view resolver to translate logical view names into physical paths: -->
    <bean id="viewResolver" class="org.springframework.web.servlet.view.InternalResourceViewResolver">
        <property name="viewClass" value="org.springframework.web.servlet.view.JstlView"></property>
        <property name="prefix" value="/WEB-INF/jsp/"></property>
        <property name="suffix" value=".jsp"></property>        
    </bean>

    <!--   Declare @AutoWired beans -->
    <bean id="orgManager" class="edu.upc.essi.sushitos.ltigdocstool.imsglc.basiclti.organization.OrganizationManager"/>
    <bean id="authManager" class="edu.upc.essi.sushitos.ltigdocstool.session.AuthManager"/>
    <bean id="orgValidator" class="edu.upc.essi.sushitos.ltigdocstool.web.validators.OrgFormValidator" />
    <bean id="activityValidator" class="edu.upc.essi.sushitos.ltigdocstool.web.validators.ActivityFormValidator" />
    <bean id="gradeValidator" class="edu.upc.essi.sushitos.ltigdocstool.web.validators.GradeFormValidator" />
        
    <!--   Declare the path to message sources -->
    <bean id="messageSource" class="org.springframework.context.support.ResourceBundleMessageSource">
        <property name="basename" value="edu/upc/essi/sushitos/ltigdocstool/lang/lang"/>
    </bean>
  
    
    
    <!--   Configure Spring to read annotations like @Controller in this package: -->
    <!--   Beans annotated as @Controller need not be mapped individually -->
    <context:component-scan base-package="edu.upc.essi.sushitos.ltigdocstool"/>

</beans>